'english_word';'russian_translation'
'abandon';'покидать'
'able';'способный'
'abnormal';'аномальный'
'aboard';'на борту'
'aborigine';'абориген'
'above';'выше'
'absence';'отсутствие'
'absent';'отсутствующий'
'absolute';'абсолютный'
'absolutely';'абсолютно'
'absorb';'поглощать'
'abstract';'абстрактный'
'abundance';'избыток'
'abundant';'обильный'
'academic';'академический'
'academy';'академия'
'accent';'акцент'
'acceptance';'принятие'
'access';'доступ'
'accessible';'доступный'
'accessory';'аксессуар'
'accidental';'случайный'
'accidentally';'случайно'
'accompany';'сопровождать'
'accomplish';'выполнить'
'according to';'в соответствии с'
'account';'счет'
'accountant';'бухгалтер'
'accuracy';'точность'
'accurate';'точный'
'accurately';'точно'
'accuse';'обвинять'
'accustom';'приучать'
'ache';'болеть'
'achievement';'достижение'
'acknowledge';'сознавать'
'acknowledgment/acknowledgement';'подтверждение/подтверждение'
'acquaintance';'знакомство'
'acquire';'приобретать'
'act';'действовать'
'active';'активный'
'actress';'актриса'
'ad';'объявление'
'adapt';'адаптироваться'
'address';'адрес'
'addressee';'адресат'
'administration';'администрация'
'admiration';'восхищение'
'admission';'допуск'
'adopt';'усыновить'
'adorable';'восхитительный'
'advance';'продвигать'
'adverb';'наречие'
'adverbial';'наречие'
'advert';'объявление'
'advertise';'рекламировать'
'adviser/advisor';'советник/советник'
'aerobics';'аэробика'
'affect';'оказывать воздействие'
'affection';'привязанность'
'afford';'предоставлять'
'after';'после'
'afterward';'потом'
'afterwards';'после'
'agenda';'повестка дня'
'aggressive';'агрессивный'
'agreement';'соглашение'
'agricultural';'сельскохозяйственный'
'agriculture';'сельское хозяйство'
'aid';'помогать'
'aim';'цель'
'air conditioning';'кондиционер'
'air force';'ВВС'
'airline';'авиакомпания'
'alarm';'тревога'
'alcohol';'алкоголь'
'alcoholic';'алкоголик'
'alike';'одинаково'
'allergic';'аллергический'
'allowance';'разрешение'
'aloud';'вслух'
'alphabet';'алфавит'
'alternative';'альтернатива'
'altogether';'вообще'
'amazed';'поражен'
'amazing';'удивительный'
'ambitious';'амбициозный'
'ambulance';'машина скорой помощи'
'amount';'количество'
'amusing';'занимательный'
'analysis';'анализ'
'analyze';'анализировать'
'anger';'злость'
'angle';'угол'
'animated';'анимированный'
'animation';'анимация'
'announce';'объявить'
'announcement';'объявление'
'annoyance';'раздражение'
'annoyed';'раздраженный'
'annual';'ежегодный'
'annually';'ежегодно'
'ant';'муравей'
'anti';'анти'
'antique';'античный'
'antonym';'антоним'
'anxiety';'беспокойство'
'anxiously';'с тревогой'
'anyhow';'в любом случае'
'ape';'обезьяна'
'apology';'извинение'
'apparent';'очевидный'
'appeal';'обращаться'
'appetite';'аппетит'
'applaud';'аплодировать'
'applause';'аплодисменты'
'application';'приложение'
'appoint';'назначать'
'appreciation';'признательность'
'approach';'подход'
'approval';'одобрение'
'approve';'утвердить'
'approximately';'примерно'
'architect';'архитектор'
'arise';'возникать'
'arithmetic';'арифметика'
'arm';'рука'
'army';'армия'
'arrange';'договариваться'
'arrangement';'договоренность'
'arrest';'арестовать'
'arrival';'прибытие'
'arrow';'стрелка'
'artist';'художник'
'artistic';'художественный'
'ashamed';'стыдящийся'
'aside';'в сторону'
'aspect';'аспект'
'aspirin';'аспирин'
'assign';'назначать'
'assignment';'назначение'
'assist';'помогать'
'assistance';'помощь'
'assistant';'помощник'
'associate';'партнер'
'assume';'предполагать'
'astronomer';'астроном'
'athletic';'спортивный'
'Atlantic';'Атлантический'
'atmosphere';'атмосфера'
'atomic';'атомный'
'attach';'прикреплять'
'attachment';'вложение'
'attain';'достичь'
'attempt';'пытаться'
'attend';'посещать'
'attract';'привлекать'
'attraction';'аттракцион'
'authority';'власть'
'auxiliary';'вспомогательный'
'available';'доступный'
'avenue';'проспект'
'award';'награда'
'aware';'осведомленный'
'awareness';'осведомленность'
'awesome';'потрясающий'
'awkward';'неуклюжий'
'babysit';'присмотр за детьми'
'babysitter';'няня'
'back';'назад'
'backache';'боль в спине'
'backpack';'рюкзак'
'backpacker';'турист'
'backpacking';'пеший туризм'
'bacon';'бекон'
'baggage';'Багаж'
'baker';'пекарь'
'bakery';'пекарня'
'balance';'баланс'
'bald';'лысый'
'bandage';'повязка'
'bang';'хлопнуть'
'bank account';'банковский счет'
'bar';'бар'
'barbecue';'барбекю'
'bare';'голый'
'barely';'едва'
'bark';'лаять'
'barman';'бармен'
'barrel';'бочка'
'base';'база'
'basement';'подвал'
'basin';'бассейн'
'basis';'основа'
'bat';'летучая мышь'
'bathe';'купаться'
'battle';'боевой'
'beard';'борода'
'beast';'зверь'
'beat';'бить'
'beautifully';'красиво'
'beaver';'бобер'
'because of';'из-за'
'bedside';'у кровати'
'behalf';'от имени'
'behave';'вести себя'
'belief';'вера'
'beloved';'возлюбленный'
'beneath';'под'
'benefit';'выгода'
'bent';'согнутый'
'besides';'кроме'
'bet';'ставка'
'bilingual';'двуязычный'
'bill';'счет'
'bin';'мусорное ведро'
'biochemistry';'биохимия'
'biography';'биография'
'biology';'биология'
'bishop';'епископ'
'bite';'кусать'
'bitter';'горький'
'blame';'обвинять'
'bleed';'истекать кровью'
'blend';'смешивать'
'bless';'благословить'
'blessing';'благословение'
'blind';'слепой'
'block';'блокировать'
'blog';'блог'
'blogger';'блоггер'
'blush';'краснеть'
'board';'доска'
'boast';'хвастаться'
'bold';'смелый'
'boldly';'смело'
'bomb';'бомбить'
'bond';'связь'
'book';'книга'
'booking';'бронирование'
'boom';'бум'
'boot';'ботинок'
'border';'граница'
'bore';'бурить'
'boredom';'скука'
'bother';'беспокоить'
'bounce';'подпрыгивать'
'bound';'граница'
'bow';'поклон'
'bowl';'чаша'
'boxing';'бокс'
'bracelet';'браслет'
'brainstorming';'мозговой штурм'
'branch';'ветвь'
'brand-new';'совершенно новый'
'brass';'латунь'
'bravely';'смело'
'breakthrough';'прорыв'
'breast';'грудь'
'breath';'дыхание'
'breathless';'задыхающийся'
'breed';'порода'
'breeding';'разведение'
'brick';'кирпич'
'brief';'краткий'
'briefly';'кратко'
'brightly';'ярко'
'broad';'широкий'
'broadcast';'транслировать'
'broccoli';'брокколи'
'bronze';'бронза'
'brotherhood';'братство'
'bubble';'пузырь'
'buddy';'приятель'
'builder';'строитель'
'bull';'бык'
'bullet';'пуля'
'bulletin';'бюллетень'
'bump';'ударяться'
'bunch';'связка'
'burden';'груз'
'bureau';'бюро'
'burglar';'грабитель'
'burn';'гореть'
'burning';'горящий'
'burst';'лопаться'
'bust';'бюст'
'but';'но'
'butcher';'мясник'
'buyer';'покупатель'
'cabbage';'капуста'
'cabin';'каюта'
'cage';'клетка'
'calculate';'вычислить'
'calculation';'расчет'
'calculator';'калькулятор'
'calf';'теленок'
'caller';'звонящий'
'calm';'спокойствие'
'calmness';'спокойствие'
'camel';'верблюд'
'campsite';'кемпинг'
'canal';'канал'
'cancel';'отмена'
'cancer';'рак'
'candle';'свеча'
'canned';'консервированный'
'canteen';'столовая'
'capable';'способный'
'capacity';'емкость'
'capsule';'капсула'
'capture';'захватывать'
'care';'забота'
'career';'карьера'
'careless';'беспечный'
'carelessly';'небрежно'
'carelessness';'небрежность'
'carpet';'ковер'
'carriage';'перевозка'
'carton';'коробка'
'cashpoint';'банкоматы'
'casual';'повседневный'
'categorize';'классифицировать'
'category';'категория'
'cattle';'крупный рогатый скот'
'caution';'осторожность'
'cautious';'осторожный'
'cave';'пещера'
'CD-ROM';'компакт-диск'
'celebrity';'знаменитость'
'cell';'клетка'
'central';'центральный'
'central heating';'центральное отопление'
'ceremony';'церемония'
'certainty';'уверенность'
'challenging';'испытывающий'
'champion';'чемпион'
'channel';'канал'
'chaos';'хаос'
'characteristic';'характеристика'
'characterize';'охарактеризовать'
'charge';'заряжать'
'chariot';'колесница'
'charity';'благотворительность'
'charm';'очарование'
'chase';'гнаться'
'chat';'чат'
'chat show';'ток-шоу'
'check-in counter';'стойка регистрации'
'checkout';'проверить'
'cheerful';'жизнерадостный'
'chemical';'химический'
'chemist';'химик'
'chemistry';'химия'
'cherish';'ценить'
'chest of drawers';'комод'
'chewing gum';'жевательная резинка'
'chief';'главный'
'choir';'хор'
'choke';'душить'
'Christian';'христианин'
'chronological';'хронологический'
'chuckle';'смеяться'
'circle';'круг'
'circular';'круговой'
'circus';'цирк'
'citizenship';'гражданство'
'civil';'гражданский'
'civilization';'цивилизация'
'claim';'требовать'
'classical';'классический'
'classify';'классифицировать'
'clear';'прозрачный'
'click';'щелкнуть'
'cliff';'утес'
'climate';'климат'
'climber';'альпинист'
'clinic';'клиника'
'clip';'клип'
'closely';'внимательно'
'coal';'уголь'
'coast';'побережье'
'coastal';'прибрежный'
'cod';'треска'
'coffin';'гроб'
'collapse';'крах'
'collar';'воротник'
'columnist';'обозреватель'
'combination';'комбинация'
'combine';'объединить'
'comedian';'комик'
'comedy';'комедия'
'comet';'комета'
'comfort';'комфорт'
'comma';'запятая'
'command';'команда'
'comment';'комментарий'
'commercial';'коммерческий'
'commit';'совершить'
'common sense';'здравый смысл'
'commonly';'обычно'
'companion';'компаньон'
'comparison';'сравнение'
'compete';'конкурировать'
'competitive';'конкурентоспособный'
'competitor';'конкурент'
'complement';'дополнять'
'complete';'полный'
'completely';'полностью'
'complex';'сложный'
'complicate';'усложнять'
'complicated';'сложный'
'compliment';'комплимент'
'compose';'сочинять'
'composition';'композиция'
'compound';'сложный'
'compromise';'компромисс'
'concentration';'концентрация'
'concept';'концепция'
'concerned';'обеспокоенный'
'conclude';'заключать'
'conclusion';'заключение'
'conduct';'руководить'
'confidence';'уверенность'
'confirm';'подтверждать'
'confirmation';'подтверждение'
'conflict';'конфликт'
'confusing';'сбивающий с толку'
'confusion';'путаница'
'congratulate';'поздравлять'
'connect';'соединять'
'connection';'соединение'
'conquer';'завоевывать'
'conscious';'сознательный'
'consequently';'следовательно'
'conservation';'сохранение'
'conservative';'консервативный'
'considerable';'значительный'
'consideration';'рассмотрение'
'consonant';'согласный'
'constantly';'постоянно'
'constitute';'составляют'
'constitution';'конституция'
'construct';'построить'
'construction';'строительство'
'consume';'потреблять'
'consumer';'потребитель'
'consumption';'потребление'
'contain';'содержать'
'content';'содержание'
'continual';'постоянный'
'continually';'постоянно'
'continuous';'непрерывный'
'continuously';'постоянно'
'contrary';'вопреки'
'contribute';'способствовать'
'contribution';'вклад'
'control';'контроль'
'controversial';'спорный'
'convey';'передавать'
'convince';'убеждать'
'copyright';'авторское право'
'correction';'исправление'
'cotton';'хлопок'
'cough';'кашель'
'council';'совет'
'counseling';'консультирование'
'count';'считать'
'counter';'прилавок'
'countless';'бесчисленное множество'
'county';'графство'
'courage';'храбрость'
'courageous';'смелый'
'courgette';'кабачок'
'craft';'ремесло'
'crash';'крушение'
'creator';'создатель'
'criminal';'преступник'
'crisis';'кризис'
'critic';'критик'
'critical';'критический'
'crop';'обрезать'
'crossing';'пересечение'
'crossroads';'перекресток'
'crow';'ворона'
'cruel';'жестокий'
'crush';'раздавить'
'cucumber';'огурец'
'cultivate';'культивировать'
'cultural';'культурный'
'cure';'излечивать'
'curiosity';'любопытство'
'curious';'любопытный'
'curiously';'любопытно'
'curly';'кудрявый'
'currency';'валюта'
'current';'текущий'
'currently';'в настоящее время'
'curriculum';'учебный план'
'curtain';'занавес'
'curve';'изгиб'
'cushion';'подушка'
'customs';'таможня'
'cut';'резать'
'CV';'резюме'
'cycle';'цикл'
'daisy';'маргаритка'
'damage';'повреждать'
'damaged';'поврежден'
'damp';'влажный'
'dangerously';'опасно'
'dare';'осмелиться'
'darkness';'темнота'
'date';'дата'
'dating';'встречаться'
'daze';'ошеломить'
'dazzle';'ослеплять'
'deadline';'крайний срок'
'deadly';'смертоносный'
'deaf';'глухой'
'deal';'иметь дело'
'dealer';'дилер'
'debris';'обломки'
'debt';'долг'
'decision';'решение'
'declaration';'декларация'
'declare';'объявить'
'decline';'отклонить'
'decrease';'снижаться'
'dedicate';'посвящать'
'deed';'поступок'
'defeat';'поражение'
'defend';'защищать'
'defender';'защитник'
'defense';'защита'
'deficiency';'недостаток'
'define';'определять'
'definite';'определенный'
'definite article';'определенный артикль'
'definitely';'определенно'
'definition';'определение'
'delay';'задерживать'
'delete';'удалить'
'delicate';'нежный'
'delight';'восторг'
'delighted';'получивший удовольствие'
'delightful';'восхитительный'
'deliver';'доставлять'
'delivery';'доставка'
'demand';'требовать'
'democracy';'демократия'
'democratic';'демократический'
'demonstrate';'демонстрировать'
'demonstration';'демонстрация'
'deny';'отрицать'
'depart';'уйти'
'department';'отделение'
'departure';'отправление'
'dependent';'зависимый'
'deposit';'депозит'
'depressed';'депрессивный'
'depressing';'удручающий'
'depression';'депрессия'
'deprive';'лишать'
'depth';'глубина'
'derive';'вывести'
'deserve';'заслуживать'
'design';'дизайн'
'designer';'дизайнер'
'desire';'желание'
'despair';'отчаяние'
'desperate';'отчаянный'
'despite';'несмотря на'
'destination';'место назначения'
'destruction';'разрушение'
'destructive';'разрушительный'
'detective';'детектив'
'determination';'определение'
'determine';'определять'
'devastate';'опустошать'
'devastating';'разрушительный'
'development';'разработка'
'device';'устройство'
'devotion';'преданность'
'diagram';'диаграмма'
'dial';'набирать номер'
'dialog';'диалог'
'diameter';'диаметр'
'diaper';'подгузник'
'differ';'отличаться'
'dig';'копать'
'digital';'цифровой'
'diligence';'усердие'
'diligent';'прилежный'
'dioxide';'диоксид'
'direct';'прямой'
'directly';'напрямую'
'dirt';'грязь'
'disability';'инвалидность'
'disable';'запрещать'
'disabled';'неполноценный'
'disagreement';'несогласие'
'disappoint';'разочаровывать'
'disappointment';'разочарование'
'disaster';'катастрофа'
'disastrous';'катастрофический'
'disc jockey';'диск-жокей'
'discomfort';'дискомфорт'
'discount';'скидка'
'discourage';'обескураживать'
'discovery';'открытие'
'discrimination';'дискриминация'
'disease';'болезнь'
'disgusting';'отвратительный'
'dishwasher';'посудомоечная машина'
'disk/disc';'диск/диск'
'dislike';'не нравится'
'display';'отображать'
'dissolve';'растворяться'
'distance';'расстояние'
'distant';'далекий'
'distinction';'различие'
'distinctly';'отчетливо'
'distinguish';'различать'
'distribute';'распространять'
'distribution';'распределение'
'district';'округ'
'disturbance';'нарушение'
'dive';'нырять'
'diver';'дайвер'
'diverse';'разнообразный'
'divide';'разделять'
'divine';'божественный'
'diving';'дайвинг'
'divorced';'в разводе'
'DJ';'диджей'
'doc';'док'
'document';'документ'
'documentary';'документальный фильм'
'dolphin';'дельфин'
'dot';'точка'
'downstairs';'внизу'
'downward';'вниз'
'doze';'дремать'
'dozen';'дюжина'
'drag';'тащить'
'dramatic';'драматический'
'drown';'тонуть'
'drunk';'пьяный'
'dude';'чувак'
'dull';'тупой'
'dump';'свалка'
'dustbin';'мусорный ящик'
'dusty';'пыльный'
'duty';'долг'
'duty-free';'беспошлинно'
'duvet';'пуховое одеяло'
'dynasty';'династия'
'eager';'жаждущий'
'eagerness';'рвение'
'earache';'боль в ухе'
'earnest';'серьезный'
'eastern';'восточный'
'easygoing';'легкий на подъем'
'eco';'эко'
'ecological';'экологический'
'ecology';'экология'
'economic';'экономический'
'economics';'экономика'
'economy';'экономика'
'ecosystem';'экосистема'
'ecstasy';'экстази'
'edge';'край'
'edition';'версия'
'educate';'обучать'
'effective';'эффективный'
'efficiency';'эффективность'
'efficient';'эффективный'
'either';'или'
'elbow';'локоть'
'election';'выборы'
'electrical';'электрический'
'electricity';'электричество'
'electron';'электрон'
'electronic';'электронный'
'element';'элемент'
'eliminate';'устранять'
'embarrass';'смущать'
'embarrassed';'смущенный'
'embarrassment';'смущение'
'emerge';'появляться'
'emotion';'эмоция'
'emotional';'эмоциональный'
'emotionally';'эмоционально'
'emperor';'император'
'emphasis';'акцент'
'emphasize';'подчеркивать'
'empire';'империя'
'employment';'работа'
'enable';'давать возможность'
'enclose';'заключать'
'encounter';'сталкиваться'
'encouragement';'поощрение'
'encouraging';'обнадеживающий'
'encyclopedia';'энциклопедия'
'endanger';'подвергать опасности'
'endless';'бесконечный'
'endure';'терпеть'
'enemy';'враг'
'engage';'привлекать'
'engaged';'помолвлен'
'engine';'двигатель'
'engineering';'инженерия'
'Englishman';'англичанин'
'enjoyable';'приятный'
'enjoyment';'удовольствие'
'enrich';'обогащать'
'ensure';'гарантировать'
'entertain';'развлекать'
'entertainer';'артист'
'enthusiasm';'энтузиазм'
'enthusiast';'энтузиаст'
'enthusiastic';'восторженный'
'entire';'весь'
'entirely';'полностью'
'entry';'вход'
'environmental';'относящийся к окружающей среде'
'environmentalist';'эколог'
'equal';'равный'
'equality';'равенство'
'equally';'поровну'
'equipment';'оборудование'
'era';'эпоха'
'escape';'побег'
'essence';'сущность'
'essential';'существенный'
'establishment';'учреждение'
'estimate';'оценивать'
'eternal';'вечный'
'eternity';'вечность'
'even';'даже'
'evenly';'равномерно'
'eventually';'в конце концов'
'evident';'очевидный'
'exact';'точный'
'examination';'обследование'
'examine';'исследовать'
'examiner';'экзаменатор'
'excellence';'превосходство'
'excess';'избыток'
'exchange';'обмен'
'exchange rate';'обменный курс'
'excitedly';'взволнованно'
'excitement';'возбуждение'
'exclusive';'эксклюзивный'
'excuse';'извинение'
'exhausted';'измученный'
'existence';'существование'
'exit';'Выход'
'expand';'расширять'
'expense';'расходы'
'experience';'опыт'
'experienced';'опытный'
'experiment';'эксперимент'
'exploration';'разведка'
'explosion';'взрыв'
'expose';'разоблачать'
'express';'выражать'
'extend';'продлевать'
'extensively';'широко'
'extent';'степень'
'extinct';'вымерший'
'extinction';'вымирание'
'extra';'дополнительный'
'extraordinary';'необыкновенный'
'extreme';'крайний'
'extreme sports';'экстремальные виды спорта'
'eyesight';'зрение'
'face to face';'лицом к лицу'
'face-to-face';'лицом к лицу'
'facility';'средство'
'fade';'тускнеть'
'failure';'отказ'
'faint';'слабый'
'fair';'справедливый'
'faithful';'верный'
'fake';'фальшивый'
'fall';'падать'
'fallen';'упал'
'fancy';'изысканный'
'fantasy';'фантастика'
'faraway';'далеко'
'farewell';'прощание'
'farming';'сельское хозяйство'
'farmland';'сельскохозяйственные угодья'
'farther';'дальше'
'farthest';'самый дальний'
'fascinate';'очаровывать'
'fashionable';'модный'
'fasten';'закрепить'
'favorable';'благоприятный'
'fax';'факс'
'feast';'праздник'
'feed';'кормить'
'fellow';'парень'
'ferry';'перевозить'
'festive';'праздничный'
'fetch';'принести'
'feverishly';'лихорадочно'
'few';'немного'
'fifth';'пятый'
'fight';'драться'
'filling';'наполнение'
'film';'фильм'
'film-maker';'кинорежиссер'
'filter';'фильтр'
'finance';'финансы'
'financial';'финансовый'
'finding';'нахождение'
'fine';'отлично'
'finger';'палец'
'fire station';'пожарная станция'
'firefighter';'пожарный'
'firework';'фейерверк'
'firm';'твердый'
'firmly';'твердо'
'first floor';'первый этаж'
'first lady';'первая леди'
'first-floor';'первый этаж'
'fish';'рыба'
'fit';'соответствовать'
'fitness';'фитнес'
'fix';'исправить'
'flash';'вспышка'
'flat';'плоский'
'flavor/flavour';'вкус/вкус'
'float';'плавать'
'flock';'стадо'
'flood';'наводнение'
'flow';'поток'
'flu';'грипп'
'fluent';'беглый'
'fluently';'бегло'
'flunk';'провалиться'
'flute';'флейта'
'fold';'складывать'
'folk';'народный'
'fond';'любящий'
'fondness';'нежность'
'fool';'дурак'
'foolish';'глупый'
'foot';'ступня'
'forbidden';'запрещенный'
'forecast';'прогноз'
'forehead';'лоб'
'forgive';'простить'
'form';'форма'
'formal';'формальный'
'formally';'формально'
'format';'формат'
'former';'бывший'
'formula';'формула'
'forth';'вперед'
'fortnight';'две недели'
'fortunate';'удачливый'
'foundation';'фундамент'
'fountain';'фонтан'
'fragment';'фрагмент'
'freely';'свободно'
'freezer';'морозильник'
'freezing';'замораживание'
'frequency';'частота'
'frequent';'частый'
'frequently';'часто'
'freshman';'первокурсник'
'friendliness';'дружелюбие'
'fright';'испуг'
'frost';'мороз'
'frozen';'замороженный'
'frustrated';'расстроенный'
'frustration';'разочарование'
'fry';'жарить'
'frying pan';'сковорода'
'fuel';'топливо'
'full stop';'точка'
'full-time';'на постоянной основе'
'function';'функция'
'fund';'фонд'
'funeral';'похороны'
'fur';'шерсть'
'furnish';'снабжать'
'further';'дальше'
'furthermore';'более того'
'furthest';'самый дальний'
'fuss';'суматоха'
'future';'будущее'
'gain';'прирост'
'gall';'желчь'
'gallon';'галлон'
'gap';'зазор'
'gardening';'садоводство'
'garment';'одежда'
'gay';'гей'
'gee';'ну и дела'
'gene';'ген'
'general';'общий'
'generally';'в целом'
'generate';'генерировать'
'generous';'щедрый'
'genetic';'генетический'
'genetically';'генетически'
'genetics';'генетика'
'gentleman';'джентльмен'
'geographical';'географический'
'geography';'география'
'geology';'геология'
'gesture';'жест'
'giant';'гигант'
'gifted';'одаренный'
'giggle';'хихикать'
'ginger';'имбирь'
'giraffe';'жирафа'
'glance';'взглянуть мельком'
'glide';'скользить'
'glimpse';'случайно заметить'
'glint';'блеск'
'global';'глобальный'
'glorious';'славный'
'glory';'слава'
'go';'идти'
'goalkeeper';'вратарь'
'goddess';'богиня'
'golfer';'игрок в гольф'
'goodness';'доброта'
'goods';'товары'
'gorgeous';'великолепный'
'gorilla';'горилла'
'gossip';'слух'
'govern';'управлять'
'governor';'губернатор'
'gown';'платье'
'grab';'схватить'
'graceful';'изящный'
'graduate';'выпускник'
'graduation';'выпускной'
'grant';'предоставить'
'graph';'график'
'graphic';'графика'
'graphics';'графика'
'gratitude';'благодарность'
'grave';'могила'
'gravy';'подливка'
'greenhouse';'теплица'
'greeting';'приветствие'
'grill';'гриль'
'groom';'жених'
'ground floor';'первый этаж'
'group';'группа'
'grouping';'группировка'
'growth';'рост'
'guarantee';'гарантия'
'guess';'предполагать'
'guidance';'руководство'
'guide';'гид'
'guilt';'вина'
'guilty';'виновный'
'guitarist';'гитарист'
'gym';'спортзал'
'gymnastics';'гимнастика'
'habitat';'среда обитания'
'hairdresser';'парикмахер'
'hairdryer';'фен'
'half';'половина'
'hammer';'молоток'
'handball';'гандбол'
'hand-held';'портативный'
'handkerchief';'носовой платок'
'handle';'ручка'
'handshake';'рукопожатие'
'handwriting';'почерк'
'handy';'удобный'
'hang';'вешать'
'hanging';'висит'
'harbor/harbour';'гавань/гавань'
'hardship';'трудности'
'hard-working';'трудолюбивый'
'harness';'обуздать'
'hasty';'поспешный'
'hatch';'люк'
'hate';'ненавидеть'
'hatred';'ненависть'
'haunt';'преследовать'
'haven';'убежище'
'hazard';'опасность'
'headline';'заголовок'
'heal';'лечить'
'healing';'выздоровление'
'hearing';'слушание'
'heart attack';'острое сердечно-сосудистое заболевание'
'hearted';'сердечный'
'hearty';'сердечный'
'heat';'нагревать'
'heater';'обогреватель'
'heaven';'небеса'
'heavenly';'небесный'
'heel';'каблук'
'height';'высота'
'helmet';'шлем'
'helpless';'беспомощный'
'herd';'стадо'
'hesitate';'сомневаться'
'hidden';'скрытый'
'highlight';'выделять'
'highly';'высоко'
'hip';'бедро'
'hire';'нанимать'
'historian';'историк'
'historic';'исторический'
'historical';'исторический'
'hit';'ударять'
'HIV';'ВИЧ'
'holy';'святой'
'homeless';'бездомный'
'honest';'честный'
'honestly';'честно'
'honesty';'честность'
'honeymoon';'медовый месяц'
'hop';'прыгать'
'hope';'надеяться'
'hopeful';'обнадеживающий'
'hopefully';'с надеждой'
'hopeless';'безнадежный'
'horizon';'горизонт'
'horn';'рог'
'horrible';'ужасный'
'horrify';'ужасать'
'hostel';'общежитие'
'household';'семья'
'housework';'работа по дому'
'huge';'огромный'
'human';'человек'
'humanity';'человечество'
'humid';'влажный'
'humor';'юмор'
'humorous';'юмористический'
'hunger';'голод'
'hunt';'охотиться'
'hurriedly';'поспешно'
'hurt';'повредить'
'hut';'хижина'
'ice hockey';'хоккей с шайбой'
'ice skating';'катание на коньках'
'identity';'личность'
'identity card';'удостоверение личности'
'idiom';'идиома'
'idol';'идол'
'ignore';'игнорировать'
'illegally';'незаконно'
'illness';'болезнь'
'illuminate';'освещать'
'imaginary';'воображаемый'
'imitate';'подражать'
'immediate';'немедленный'
'immediately';'немедленно'
'immigrate';'иммигрировать'
'immigration';'иммиграция'
'impair';'ухудшать'
'impression';'впечатление'
'impressive';'впечатляющий'
'improper';'неправильный'
'improvement';'улучшение'
'incident';'инцидент'
'including';'включая'
'income';'доход'
'inconvenient';'неудобный'
'incorrect';'неправильный'
'increase';'увеличивать'
'increasingly';'все больше'
'incredible';'невероятный'
'incredibly';'невероятно'
'indefinite article';'неопределенный артикль'
'independent';'независимый'
'indirect';'косвенный'
'indirectly';'косвенно'
'individual';'индивидуальный'
'indoors';'в помещении'
'industrial';'промышленный'
'industry';'промышленность'
'inevitable';'неизбежный'
'infection';'инфекция'
'infinitive';'инфинитив'
'inform';'информировать'
'informative';'информативный'
'ingredient';'ингредиент'
'inhabitant';'они населяют'
'inhale';'вдыхать'
'initial';'исходный'
'initially';'изначально'
'inject';'вводить'
'injury';'рана'
'ink';'чернила'
'innermost';'сокровенный'
'innocent';'невиновный'
'innovator';'новатор'
'inquiry/enquiry';'запрос/запрос'
'insane';'безумный'
'inscribe';'вписывать'
'inscription';'надпись'
'insight';'понимание'
'insist';'настаивать'
'inspection';'инспекция'
'inspire';'вдохновлять'
'install';'установить'
'instance';'пример'
'instead of';'вместо'
'institute';'институт'
'instruction';'инструкция'
'instructor';'инструктор'
'insurance';'страхование'
'intend';'намереваться'
'intense';'интенсивный'
'intensive';'интенсивный'
'intention';'намерение'
'intentionally';'намеренно'
'interact';'взаимодействовать'
'interaction';'взаимодействие'
'interest';'интерес'
'intermediate';'средний'
'intermission';'антракт'
'internal';'внутренний'
'internationally';'на международном уровне'
'interrupt';'прерывать'
'interval';'интервал'
'interview';'интервью'
'interviewee';'собеседник'
'introduction';'введение'
'invasion';'вторжение'
'invest';'инвестировать'
'investigation';'расследование'
'invitation';'приглашение'
'involuntarily';'непроизвольно'
'involve';'вовлекать'
'involved';'вовлеченный'
'iron';'железо'
'ironing';'глажка'
'irregular';'нерегулярный'
'irritate';'раздражать'
'isle';'остров'
'isolation';'изоляция'
'ivory';'слоновая кость'
'jade';'нефрит'
'jail';'тюрьма'
'jar';'банка'
'jazz';'джаз'
'jealous';'ревнивый'
'jewel';'драгоценность'
'jog';'бегать трусцой'
'jogging';'бег трусцой'
'joint';'соединение'
'joke';'шутить'
'journal';'журнал'
'journalist';'журналист'
'judge';'судить'
'judgment';'постановление'
'jug';'кувшин'
'juicy';'сочный'
'jumper';'джемпер'
'jungle';'джунгли'
'justice';'справедливость'
'kettle';'чайник'
'keyboard';'клавиатура'
'kid';'ребенок'
'killing';'убийство'
'kindly';'любезно'
'kindness';'доброта'
'kiss';'целовать'
'kitten';'котенок'
'knit';'вязать'
'knock';'стучать'
'lab';'лаборатория'
'laboratory';'лаборатория'
'ladder';'лестница'
'lamb';'ягненок'
'land';'земля'
'landlord';'домовладелец'
'largely';'в основном'
'last';'последний'
'lasting';'длительный'
'latecomer';'опоздавший'
'lately';'недавно'
'laugh';'смех'
'laughter';'смех'
'launch';'запуск'
'lawful';'законный'
'lay';'класть'
'layer';'слой'
'lead';'вести'
'leadership';'лидерство'
'leading';'ведущий'
'league';'лига'
'lean';'наклонять'
'leap';'прыгнуть'
'least';'наименее'
'leave';'оставлять'
'lecture';'лекция'
'legal';'юридический'
'legally';'юридически'
'length';'длина'
'lessen';'уменьшить'
'lettuce';'латук'
'level';'уровень'
'liar';'лжец'
'liberate';'освободить'
'liberation';'освобождение'
'librarian';'библиотекарь'
'lie';'ложь'
'lifeguard';'Спасатель'
'lifelong';'пожизненный'
'lift';'поднимать'
'light';'свет'
'lighter';'легче'
'lightly';'слегка'
'lightning';'молния'
'like';'нравиться'
'likeness';'сходство'
'limit';'предел'
'limitation';'ограничение'
'limited';'ограниченный'
'limp';'хромать'
'link';'связь'
'liquid';'жидкость'
'literary';'литературный'
'literature';'литература'
'little';'маленький'
'live';'жить'
'liver';'печень'
'loaf';'буханка'
'locate';'найти'
'location';'расположение'
'lock';'замок'
'lodge';'домик'
'log';'бревно'
'logic';'логика'
'logo';'логотип'
'lorry';'грузовик'
'loss';'потеря'
'lottery';'лотерея'
'loud';'громкий'
'loudspeaker';'громкоговоритель'
'lovingly';'с любовью'
'loyal';'лояльный'
'loyalty';'верность'
'luggage';'багаж'
'lung';'легкое'
'luxury';'роскошь'
'magical';'волшебный'
'magician';'волшебник'
'magnificent';'великолепный'
'mail';'почта'
'mailbox';'почтовый ящик'
'main';'основной'
'maintain';'поддерживать'
'maintenance';'обслуживание'
'majority';'большинство'
'male';'мужской'
'management';'управление'
'mankind';'человечество'
'maple';'клен'
'marble';'мрамор'
'march';'маршировать'
'marine';'морской'
'marked';'отмеченный'
'market';'рынок'
'marriage';'свадьба'
'mash';'пюре'
'mass';'масса'
'massive';'массивный'
'match';'соответствовать'
'mathematician';'математик'
'mathematics';'математика'
'maximum';'максимум'
'mayor';'мэр'
'meaningful';'значимый'
'meanwhile';'тем временем'
'measure';'мера'
'measurement';'измерение'
'mechanic';'механик'
'mechanical';'механический'
'meditate';'медитировать'
'meditation';'медитация'
'Mediterranean';'Средиземноморье'
'medium';'середина'
'melt';'таять'
'membership';'членство'
'memorable';'запоминающийся'
'memorize';'запоминать'
'mend';'исправить'
'mental';'умственный'
'mentally';'умственно'
'mention';'упомянуть'
'merchant';'торговец'
'mere';'просто'
'merely';'просто'
'mess';'беспорядок'
'message board';'доска объявлений'
'messy';'неряшливый'
'middle-aged';'среднего возраста'
'mild';'мягкий'
'mile';'миля'
'mineral';'минерал'
'minimize';'минимизировать'
'minimum';'минимум'
'minor';'незначительный'
'minority';'меньшинство'
'minus';'минус'
'miracle';'чудо'
'mischief';'зло'
'miserable';'убогий'
'misery';'невзгоды'
'mislead';'вводить в заблуждение'
'mission';'миссия'
'misty';'туманный'
'misunderstanding';'недоразумение'
'mixing bowl';'миска для смешивания'
'modal verb';'модальный глагол'
'model';'модель'
'modem';'модем'
'moderate';'умеренный'
'modify';'изменить'
'moisture';'влага'
'molecule';'молекула'
'monitor';'монитор'
'monk';'монах'
'monster';'монстр'
'monthly';'ежемесячно'
'monument';'памятник'
'moral';'моральный'
'more';'более'
'moreover';'более того'
'mosquito';'комар'
'moss';'мох'
'motherland';'Родина'
'motionless';'неподвижный'
'motivate';'мотивировать'
'motivation';'мотивация'
'motive';'мотив'
'motor';'мотор'
'motorcycle';'мотоцикл'
'motto';'девиз'
'mount';'устанавливать'
'mountaintop';'вершина горы'
'mourn';'скорбеть'
'movement';'движение'
'mud';'грязь'
'mule';'мул'
'murder';'убийство'
'murderer';'убийца'
'muscle';'мышца'
'mustard';'горчица'
'mutual';'взаимный'
'myth';'миф'
'nail';'ноготь'
'naked';'голый'
'name';'имя'
'nap';'вздремнуть'
'narrate';'рассказывать'
'narrative';'повествование'
'narrow';'узкий'
'nasty';'противный'
'nationalist';'националист'
'naturally';'естественно'
'navy blue';'темно-синий'
'near';'около'
'nearby';'рядом'
'necklace';'ожерелье'
'nectar';'нектар'
'needle';'иголка'
'negotiate';'вести переговоры'
'negotiation';'переговоры'
'neighborhood';'район'
'nephew';'племянник'
'nervousness';'нервозность'
'ness';'ность'
'net';'сеть'
'network';'сеть'
'neutral';'нейтральный'
'nevertheless';'тем не менее'
'newborn';'новорожденный'
'newcomer';'новичок'
'newly';'недавно'
'next door';'по соседству'
'next-door';'соседний'
'nickname';'прозвище'
'niece';'племянница'
'nightlife';'ночная жизнь'
'nod';'кивок'
'noisily';'шумно'
'none';'никто'
'nonetheless';'тем не менее'
'nonsense';'ерунда'
'nor';'ни'
'normally';'обычно'
'northeast';'северо-восток'
'northeastern';'северо-восточный'
'northern';'северный'
'northwest';'северо-запад'
'northwestern';'северо-западный'
'notice';'уведомление'
'noticeable';'заметный'
'noticeboard';'доска объявлений'
'notion';'понятие'
'notorious';'печально известный'
'novelist';'писатель'
'nowhere';'нигде'
'nuclear';'ядерный'
'nucleus';'ядро'
'numerous';'многочисленные'
'nurse';'медсестра'
'nutrient';'питательное вещество'
'nutrition';'питание'
'nutritious';'питательный'
'object';'объект'
'objection';'возражение'
'objective';'цель'
'observation';'наблюдение'
'observe';'наблюдать'
'obstacle';'препятствие'
'obtain';'получать'
'obvious';'очевидный'
'obviously';'очевидно'
'occasion';'случай'
'occasional';'случайный'
'occasionally';'изредка'
'occupy';'занимать'
'occur';'происходить'
'ocean';'океан'
'off';'выключенный'
'offensive';'оскорбительный'
'officially';'официально'
'oily';'маслянистый'
'old-fashioned';'старомодный'
'oneself';'себя'
'onstage';'на сцене'
'onto/on to';'на/на'
'opening';'открытие'
'operation';'операция'
'opposite';'противоположный'
'opposition';'оппозиция'
'oppress';'угнетать'
'oppression';'угнетение'
'option';'вариант'
'oral';'оральный'
'orbit';'орбита'
'orchestra';'оркестр'
'orderly';'упорядоченный'
'ordinary';'обычный'
'organ';'орган'
'organic';'органический'
'organism';'организм'
'organization';'организация'
'origin';'источник'
'otherwise';'в противном случае'
'ought to';'должен'
'outdoor';'открытый'
'outdoors';'на открытом воздухе'
'outer';'внешний'
'outlaw';'вне закона'
'outline';'контур'
'out-of-date';'устаревший'
'outstanding';'выдающийся'
'outward';'наружу'
'outweigh';'перевешивать'
'overcome';'преодолеть'
'overjoyed';'вне себя от радости'
'overnight';'ночь'
'overwhelm';'подавлять'
'overwhelming';'подавляющий'
'overwork';'переутомление'
'owe';'быть должным'
'owing';'в долгу'
'own';'собственный'
'oxygen';'кислород'
'pace';'шаг'
'package';'упаковка'
'packing';'упаковка'
'paddle';'весло'
'paid';'оплаченный'
'pain';'боль'
'painful';'болезненный'
'pale';'бледный'
'palm';'ладонь'
'parachute';'парашют'
'paradise';'рай'
'paralyze';'паралич'
'parcel';'посылка'
'pardon';'прощение'
'parental';'родительский'
'parking';'стоянка'
'parrot';'попугай'
'partial';'частичный'
'participant';'участник'
'participate';'участвовать'
'participle';'причастие'
'particularly';'особенно'
'part-time';'неполная занятость'
'passion';'страсть'
'passive';'пассивный'
'passport';'паспорт'
'password';'пароль'
'past';'прошлое'
'patience';'терпение'
'patient';'пациент'
'patrol';'патруль'
'pattern';'шаблон'
'pause';'пауза'
'peanut';'арахис'
'peculiar';'своеобразный'
'penniless';'нищий'
'penny';'пенни'
'per';'за'
'percent';'процент'
'performer';'исполнитель'
'permanent';'постоянный'
'permanently';'навсегда'
'permit';'разрешать'
'personally';'лично'
'persuade';'убеждать'
'persuasive';'убедительный'
'phantom';'Фантом'
'pharmacy';'аптека'
'phenomenon';'явление'
'philosopher';'философ'
'philosophy';'философия'
'phoenix';'феникс'
'photocopy';'фотокопия'
'phrasal verb';'фразовый глагол'
'phrase';'фраза'
'physics';'физика'
'pick';'выбирать'
'pie';'пирог'
'piety';'благочестие'
'pillow';'подушка'
'pin';'приколоть'
'pineapple';'ананас'
'pipe';'трубка'
'pit';'яма'
'place';'место'
'plain';'простой'
'plan';'план'
'plant';'растение'
'plastic';'пластик'
'platform';'платформа'
'pleasantly';'приятно'
'please';'пожалуйста'
'plenty';'множество'
'plug';'затыкать'
'plus';'плюс'
'pocket money';'карманные деньги'
'poet';'поэт'
'poetry';'поэзия'
'poison';'яд'
'poisonous';'ядовитый'
'pole';'столб'
'policy';'политика'
'politely';'вежливо'
'politician';'политик'
'politics';'политика'
'pollutant';'загрязнитель'
'pond';'пруд'
'popcorn';'Попкорн'
'pork';'свинина'
'port';'порт'
'positive';'позитивный'
'positively';'положительно'
'possess';'владеть'
'possession';'владение'
'possessive';'притяжательный'
'possibility';'возможность'
'postcard';'открытка'
'postman';'почтальон'
'pot';'горшок'
'potential';'потенциал'
'pottery';'керамика'
'pound';'фунт'
'poverty';'бедность'
'powder';'пудра'
'practical';'практичный'
'praise';'хвалить'
'prayer';'молитва'
'precious';'драгоценный'
'preference';'предпочтение'
'prefix';'префикс'
'pregnant';'беременная'
'prejudice';'предрассудки'
'preparation';'подготовка'
'prepared';'готовый'
'preposition';'предлог'
'preschool';'дошкольный'
'prescription';'рецепт'
'presence';'присутствие'
'present';'подарок'
'presentation';'презентация'
'preservation';'сохранение'
'preserve';'сохранять'
'president';'президент'
'press';'нажимать'
'previous';'предыдущий'
'priest';'священник'
'primarily';'прежде всего'
'primary school';'начальная школа'
'primitive';'примитивный'
'principle';'принцип'
'print';'распечатать'
'prison';'тюрьма'
'prisoner';'заключенный'
'privacy';'конфиденциальность'
'prize';'приз'
'probability';'вероятность'
'proceed';'продолжить'
'process';'процесс'
'proclaim';'провозглашать'
'procrastination';'прокрастинация'
'producer';'продюсер'
'productive';'продуктивный'
'profession';'профессия'
'professor';'профессор'
'program';'программа'
'progress';'прогресс'
'prohibition';'запрет'
'prominent';'видный'
'promise';'обещать'
'promote';'продвигать'
'promotion';'повышение'
'pronoun';'местоимение'
'proof';'доказательство'
'properly';'правильно'
'property';'свойство'
'proportion';'пропорция'
'proposal';'предложение'
'propose';'предлагать'
'prosperity';'процветание'
'prosperous';'процветающий'
'protect';'защищать'
'protection';'защита'
'protective';'защитный'
'protest';'протест'
'proud';'гордый'
'prove';'доказывать'
'proverb';'пословица'
'provided';'предоставил'
'psychological';'психологический'
'pub';'паб'
'public';'общественный'
'public transport';'общественный транспорт'
'publicly';'публично'
'publisher';'издатель'
'pullover';'перетягивать'
'pump';'насос'
'punish';'наказывать'
'punishment';'наказание'
'pupil';'ученик'
'puppy';'щенок'
'pure';'чистый'
'purify';'очистить'
'purse';'кошелек'
'push';'толкать'
'puzzle';'головоломка'
'quake';'землетрясение'
'qualified';'квалифицированный'
'qualify';'квалифицироваться'
'quality';'качество'
'quantity';'количество'
'question mark';'знак вопроса'
'questionnaire';'вопросник'
'queue';'очередь'
'race';'раса'
'racial';'расовый'
'radiation';'радиация'
'rage';'ярость'
'rail';'рельс'
'railroad';'железная дорога'
'railway';'железная дорога'
'rainfall';'осадки'
'rainforest';'тропический лес'
'rank';'классифицировать'
'rap';'рэп'
'rapid';'стремительный'
'rapidly';'быстро'
'rare';'редкий'
'rarely';'редко'
'raspberry';'малина'
'ration';'рацион'
'rational';'рациональный'
'razor';'бритва'
'reach';'достигать'
'react';'реагировать'
'realistic';'реалистичный'
'reality';'реальность'
'rearrange';'переставить'
'reasonable';'разумный'
'rebuild';'перестроить'
'recall';'отзывать'
'reception';'прием'
'recite';'читать'
'reclaim';'вернуть себе'
'recognize';'признать'
'recommend';'рекомендовать'
'record';'записывать'
'recording';'запись'
'recover';'восстанавливаться'
'recovery';'восстановление'
'recycled';'переработанный'
'recycling';'переработка'
'reduce';'уменьшать'
'reduction';'снижение'
'reef';'риф'
'referee';'судья'
'reflection';'отражение'
'refreshments';'прохладительные напитки'
'refund';'возвращать деньги'
'refusal';'отказ'
'refuse';'мусор'
'regain';'вернуть себе'
'regard';'внимание'
'regarding';'касательно'
'region';'область'
'regional';'региональный'
'register';'зарегистрироваться'
'registration';'регистрация'
'regulation';'регулирование'
'reject';'отклонять'
'relate';'иметь отношение к'
'relation';'связь'
'relationship';'отношение'
'relative';'родственник'
'relatively';'относительно'
'relaxing';'расслабляющий'
'release';'выпускать'
'reliable';'надежный'
'religion';'религия'
'religious';'религиозный'
'rely';'полагаться'
'remainder';'остаток'
'remark';'замечание'
'remarkable';'замечательный'
'remedy';'средство'
'remembrance';'воспоминание'
'remote control';'пульт дистанционного управления'
'remove';'удалять'
'renew';'возобновлять'
'repay';'погасить'
'repeatedly';'неоднократно'
'reply';'отвечать'
'report';'отчет'
'representative';'представитель'
'reproduce';'воспроизводить'
'republic';'республика'
'reputation';'репутация'
'request';'запрос'
'require';'требовать'
'requirement';'требование'
'rescue';'спасать'
'researcher';'исследователь'
'resemble';'напоминать'
'reservation';'бронирование'
'reserve';'бронировать'
'resident';'резидент'
'residential';'Жилой'
'resist';'сопротивляться'
'resolve';'решать'
'resort';'прибегнуть'
'resource';'ресурс'
'respect';'уважать'
'respectable';'респектабельный'
'respond';'отвечать'
'responsibility';'ответственность'
'responsible';'ответственный'
'rest';'отдых'
'restore';'восстановить'
'restrict';'ограничивать'
'result';'результат'
'retail';'розничная торговля'
'retain';'удерживать'
'retell';'пересказывать'
'retrospect';'ретроспектива'
'reunification';'воссоединение'
'reunify';'воссоединить'
'revise';'исправлять'
'revision';'пересмотр'
'reward';'награда'
'rewrite';'переписать'
'rid';'избавлять'
'riddle';'загадка'
'ridiculous';'нелепый'
'ripe';'спелый'
'rise';'рост'
'risk';'риск'
'roadside';'обочина'
'robot';'робот'
'rolling';'прокатка'
'room';'комната'
'rotten';'сгнивший'
'rough';'грубый'
'round';'круглый'
'routine';'рутина'
'rubber';'резина'
'rubbish';'мусор'
'rudely';'грубо'
'ruin';'разорение'
'runaway';'убегать'
'runway';'взлетно-посадочная полоса'
'rush';'торопиться'
'sacred';'священный'
'sadness';'грусть'
'safari';'сафари'
'safeguard';'охранять'
'safely';'безопасно'
'safety';'безопасность'
'salesman';'продавец'
'salmon';'лосось'
'sand';'песок'
'sandal';'сандалии'
'satellite';'спутник'
'satisfaction';'удовлетворение'
'satisfied';'удовлетворен'
'saucepan';'кастрюля'
'saucer';'блюдце'
'scan';'сканировать'
'scare';'пугать'
'scared';'испуганный'
'scary';'страшный'
'scatter';'разбрасывать'
'scenic';'живописный'
'scholar';'ученый'
'scholarship';'стипендия'
'schoolmate';'одноклассник'
'schoolteacher';'школьный учитель'
'science fiction';'научная фантастика'
'scold';'ругать'
'scope';'объем'
'score';'счет'
'scratch';'царапать'
'scream';'крик'
'sculpture';'скульптура'
'search';'поиск'
'season';'сезон'
'seawater';'морская вода'
'seaweed';'водоросли'
'second';'второй'
'secondary school';'средняя школа'
'second-hand';'подержанный'
'secret';'секрет'
'secretly';'тайно'
'secure';'безопасный'
'security';'безопасность'
'seize';'захватывать'
'select';'выбирать'
'selection';'выбор'
'selfish';'эгоистичный'
'self-service';'самообслуживание'
'sensation';'ощущение'
'separation';'разделение'
'sequence';'последовательность'
'series';'ряд'
'serious';'серьезный'
'server';'сервер'
'service';'услуга'
'session';'сессия'
'setting';'параметр'
'settle';'решить'
'settlement';'урегулирование'
'settler';'поселенец'
'severe';'серьезный'
'severely';'строго'
'sex';'секс'
'shadow';'тень'
'shadowy';'призрачный'
'shake';'трясти'
'shallow';'мелкий'
'shame';'стыд'
'shameful';'постыдный'
'shape';'форма'
'sharp';'острый'
'shave';'бриться'
'sheer';'явный'
'sheet';'лист'
'shelter';'приют'
'sheriff';'шериф'
'shift';'сдвиг'
'shiny';'блестящий'
'ship';'корабль'
'shiver';'дрожать'
'shocked';'шокирован'
'shocking';'шокирующий'
'shop';'магазин'
'shopper';'покупатель'
'shortage';'нехватка'
'shortly';'вскоре'
'shout';'кричать'
'shrimp';'креветка'
'shut';'закрыть'
'sickness';'болезнь'
'sidewalk';'тротуар'
'sigh';'вздох'
'sign';'знак'
'signal';'сигнал'
'signature';'подпись'
'significance';'значение'
'signpost';'указатель'
'silent';'тихий'
'silk';'шелк'
'similarity';'сходство'
'similarly';'сходным образом'
'simplify';'упрощать'
'simultaneously';'одновременно'
'since';'с'
'single';'одинокий'
'sink';'раковина'
'skate';'кататься на коньках'
'skeleton';'скелет'
'ski';'лыжи'
'skin';'кожа'
'skyscraper';'небоскреб'
'slavery';'рабство'
'sleep';'спать'
'sleeve';'рукав'
'slight';'легкий'
'slightly';'немного'
'slip';'соскальзывать'
'slogan';'лозунг'
'slope';'склон'
'slot';'слот'
'slow';'медленный'
'smell';'запах'
'smile';'улыбка'
'smoker';'курильщик'
'sneeze';'чихать'
'snowboard';'сноуборд'
'snowstorm';'метель'
'soap opera';'мыльная опера'
'social networking';'социальные сети'
'socially';'социально'
'soil';'земля'
'solid';'твердый'
'somehow';'как-то'
'someplace';'где-то'
'sometime';'когда-нибудь'
'sometimes';'иногда'
'soothe';'успокаивать'
'sophomore';'второкурсник'
'sore';'больной'
'sorrow';'печаль'
'sort';'сортировать'
'soul';'душа'
'sour';'кислый'
'southeast';'юго-восток'
'southern';'южный'
'southwest';'юго-запад'
'souvenir';'сувенир'
'sparkle';'сверкать'
'specialist';'специалист'
'specialize';'специализироваться'
'specially';'специально'
'spectacular';'зрелищный'
'spectator';'зритель'
'speed';'скорость'
'spelling';'написание'
'sphere';'сфера'
'spice';'специя'
'spicy';'пряный'
'spider';'паук'
'spinach';'шпинат'
'spiral';'спираль'
'spirit';'дух'
'spiritual';'духовный'
'split';'расколоть'
'spoil';'портиться'
'sponge';'губка'
'sponsor';'спонсор'
'sports';'спорт'
'sportsmanship';'спортивное мастерство'
'stable';'стабильный'
'stall';'ларек'
'standard';'стандартный'
'star';'звезда'
'stare';'смотреть'
'status';'статус'
'stay';'оставаться'
'steadily';'стабильно'
'steady';'устойчивый'
'steam';'пар'
'steel';'сталь'
'steep';'отвесный'
'stem';'корень'
'stick';'палка'
'sticker';'наклейка'
'sticky';'липкий'
'stir';'помешивать'
'storage';'хранилище'
'stormy';'бурный'
'storyteller';'рассказчик'
'strain';'напряжение'
'strangely';'странно'
'strategic';'стратегический'
'straw';'солома'
'strawberry';'клубника'
'stream';'транслировать'
'strengthen';'укреплять'
'stress';'стресс'
'stressed';'подчеркнутый'
'stressful';'стрессовый'
'stretch';'потягиваться'
'stricken';'пораженный'
'strike';'ударять'
'strip';'полоска'
'stripe';'полоса'
'struggle';'борьба'
'stubborn';'упрямый'
'stuck';'застрявший'
'studio';'студия'
'stuffed';'фаршированный'
'stumble';'спотыкаться'
'stun';'оглушить'
'stunning';'оглушительный'
'stupid';'глупый'
'stylish';'стильный'
'subconscious';'подсознание'
'submarine';'подводная лодка'
'substantial';'существенный'
'substitute';'заменять'
'suddenly';'внезапно'
'suffer';'страдать'
'sufficient';'достаточный'
'suffix';'суффикс'
'suicide';'самоубийство'
'summarize';'суммировать'
'summit';'саммит'
'sunbathe';'загорать'
'sundial';'солнечные часы'
'sunrise';'восход'
'sunset';'закат'
'superior';'начальство'
'superstition';'суеверие'
'supply';'поставлять'
'support';'поддерживать'
'supporter';'сторонник'
'supportive';'поддерживающий'
'suppose';'предполагать'
'supposedly';'предположительно'
'surely';'конечно'
'surface';'поверхность'
'surgeon';'хирург'
'surgery';'операция'
'surprise';'сюрприз'
'surprisingly';'удивительно'
'surround';'окружать'
'surrounding';'окружающий'
'survival';'выживание'
'survivor';'выживший'
'suspect';'подозревать'
'suspicion';'подозрение'
'swarm';'рой'
'swear';'ругаться'
'sweat';'пот'
'sweatshirt';'толстовка'
'swell';'зыбь'
'swimmer';'пловец'
'switch';'выключатель'
'swollen';'вздутый'
'sword';'меч'
'sympathy';'симпатия'
'symptom';'симптом'
'syndrome';'синдром'
'systematic';'систематический'
'tablet';'планшет'
'take';'брать'
'takeaway';'еда на вынос'
'takeoff';'взлет'
'tale';'сказка'
'talented';'талантливый'
'talk';'разговаривать'
'talkative';'разговорчивый'
'tank';'танк'
'tape';'лента'
'taste';'вкус'
'tasteless';'безвкусный'
'tasty';'вкусный'
'tax';'налог'
'teaching';'преподавание'
'teammate';'товарищ по команде'
'teamwork';'работа в команде'
'tear';'рвать'
'tease';'дразнить'
'technique';'техника'
'technological';'технологический'
'teen';'подросток'
'telecommunications';'телекоммуникации'
'telegram';'телеграмма'
'teller';'кассир'
'temper';'характер'
'temporary';'временный'
'tempt';'искушать'
'tend';'иметь тенденцию'
'tendency';'тенденция'
'tense';'напряженный'
'tension';'напряжение'
'tent';'палатка'
'term';'срок'
'terminal';'терминал'
'terribly';'ужасно'
'terrific';'потрясающий'
'terrified';'испуганный'
'terror';'террор'
'terrorism';'терроризм'
'terrorist';'террорист'
'thankful';'благодарен'
'theft';'кража'
'theory';'теория'
'thirst';'жажда'
'thorough';'тщательный'
'threat';'угроза'
'threatening';'угрожающий'
'thriller';'триллер'
'through';'через'
'throughout';'через'
'thumb';'большой палец'
'thump';'стук'
'thunder';'гром'
'thunderous';'громовой'
'thus';'таким образом'
'tick';'галочка'
'tide';'прилив'
'tie';'галстук'
'tighten';'затягивать'
'tightly';'плотно'
'tile';'плитка'
'till';'до'
'timely';'своевременный'
'tin';'олово'
'tiny';'крошечный'
'tire';'шина'
'tiring';'утомительный'
'tissue';'салфетка'
'tobacco';'табак'
'tongue';'язык'
'toothpaste';'зубная паста'
'top';'вершина'
'tornado';'торнадо'
'toss';'бросать'
'total';'общий'
'totally';'полностью'
'touch';'трогать'
'tour';'тур'
'tourism';'туризм'
'tournament';'турнир'
'trace';'след'
'tracksuit';'спортивный костюм'
'traditionally';'традиционно'
'traffic jam';'пробка'
'tragedy';'трагедия'
'tragic';'трагический'
'trail';'тащить'
'transfer';'передача'
'transform';'трансформировать'
'transformation';'трансформация'
'transitional';'переходный'
'translate';'переводить'
'transport';'транспорт'
'transportation';'транспорт'
'trash';'мусор'
'travel agent';'турагент'
'treat';'обращаться'
'treatment';'уход'
'tremble';'дрожать'
'tremendous';'огромный'
'trend';'тенденция'
'trigger';'курок'
'trim';'подрезать'
'triumph';'триумф'
'tropical';'тропический'
'trouble';'беда'
'trumpet';'труба'
'trustworthy';'заслуживающий доверия'
'tumble';'падать'
'tuna';'тунец'
'turbulence';'турбулентность'
'turning';'поворот'
'turtle';'черепаха'
'twin';'близнец'
'twist';'крутить'
'type';'тип'
'typical';'типичный'
'typically';'обычно'
'unable';'не могущий'
'unafraid';'не боящийся'
'unbelievable';'невероятный'
'uncertainty';'неопределенность'
'unclear';'неясно'
'uncontrollable';'неконтролируемый'
'uncover';'раскрыть'
'underage';'несовершеннолетний'
'undergo';'подвергаться'
'underline';'подчеркнуть'
'underneath';'под'
'underpants';'трусы'
'undo';'отменить'
'undress';'раздеваться'
'unemployed';'безработный'
'unemployment';'безработица'
'unexpected';'непредвиденный'
'unexpectedly';'неожиданно'
'unfairly';'несправедливо'
'unfit';'непригодный'
'unfold';'разворачиваться'
'unfortunate';'неудачный'
'unfriendly';'недружелюбный'
'unheard';'неслыханный'
'unify';'объединить'
'uninterested';'незаинтересованный'
'uninteresting';'неинтересный'
'union';'союз'
'unique';'уникальный'
'unite';'объединяться'
'universe';'вселенная'
'unless';'пока не'
'unlikely';'маловероятно'
'unlucky';'неудачливый'
'unpack';'распаковать'
'unpredictable';'непредсказуемый'
'unrelated';'несвязанный'
'untidy';'неопрятный'
'until';'до'
'unusually';'необычно'
'unwanted';'нежелательный'
'unwell';'нездоров'
'update';'обновлять'
'uplifted';'приподнятый'
'upload';'загрузить'
'upper';'верхний'
'upstairs';'наверху'
'up-to-date';'до настоящего времени'
'upward';'вверх'
'urge';'побуждать'
'urgent';'срочный'
'usage';'использование'
'used to';'привыкший'
'useless';'бесполезный'
'vacancy';'вакансия'
'vague';'нечеткий'
'vain';'тщеславный'
'valuable';'ценный'
'van';'фургон'
'variety';'разнообразие'
'various';'различный'
'vary';'отличаться'
'vast';'огромный'
'vegetarian';'вегетарианец'
'vehicle';'транспортное средство'
'vein';'вена'
'vessel';'судно'
'vet';'ветеринар'
'via';'с помощью'
'vice';'порок'
'vice president';'вице-президент'
'victim';'жертва'
'victory';'победа'
'video clip';'видеоклип'
'view';'вид'
'viewpoint';'точка зрения'
'violence';'насилие'
'violently';'яростно'
'virtual';'виртуальный'
'virus';'вирус'
'visa';'виза'
'visible';'видимый'
'vision';'зрение'
'visual';'визуальный'
'visually';'визуально'
'vivid';'яркий'
'vividly';'ярко'
'volcano';'вулкан'
'volume';'объем'
'volunteer';'волонтер'
'vote';'голосование'
'vowel';'гласный'
'voyage';'путешествие'
'wagon';'фургон'
'wake';'будить'
'ward';'сторожить'
'wardrobe';'гардероб'
'warm';'теплый'
'warmly';'тепло'
'warmth';'тепло'
'warn';'предупреждать'
'warning';'предупреждение'
'warranty';'гарантия'
'warrior';'воин'
'washbowl';'умывальник'
'waste';'напрасно тратить'
'wasteful';'расточительный'
'waterfall';'водопад'
'wave';'волна'
'wax';'воск'
'weakness';'слабость'
'weapon';'оружие'
'weather forecast';'прогноз погоды'
'webcam';'Веб-камера'
'weird';'странный'
'welcome';'добро пожаловать'
'well-dressed';'хорошо одетый'
'westward';'на запад'
'wetland';'водно-болотное угодье'
'whale';'кит'
'whatever';'что бы ни'
'whenever';'в любое время'
'wherever';'где угодно'
'whether';'ли'
'whichever';'в зависимости от того, что'
'while';'пока'
'whisper';'шепот'
'whistle';'свист'
'whoever';'кто бы то ни было'
'whole';'весь'
'widespread';'широко распространенный'
'wildlife';'дикая природа'
'wildly';'дико'
'willingness';'готовность'
'windscreen';'лобовое стекло'
'windsurfing';'виндсерфинг'
'wing';'крыло'
'wire';'проволока'
'wither';'увядать'
'witness';'свидетель'
'wizard';'волшебник'
'wonder';'удивляться'
'working';'работающий'
'workout';'тренировка'
'workplace';'рабочее место'
'workshop';'мастерская'
'worn';'изношенный'
'worst';'худший'
'worth';'ценность'
'worthwhile';'стоящий'
'worthy';'достойный'
'wound';'ранить'
'wrap';'сворачивать'
'wrapping';'упаковка'
'wrist';'запястье'
'wristwatch';'наручные часы'
'written';'написано'
'yell';'кричать'
'yet';'еще'
'yoga';'йога'
